id;amount;status;payment_link_url;pg_type;pg_id;pg_status;pg_request_json;pg_response_json;pg_request_time_stamp;pg_response_time_stamp;is_active;created_by;created_on;updated_by;updated_on
1;19789.27;PendingOnPg;firsthand down;PayTM;characterization openly;perspire;lox;amid;phew more;although customise;true;sniff;2025-01-04;retool;2025-01-03
2;24777.5;Success;ick mortally;RazorPay;knottily than;fondly apparatus per;rewrite;pillory;sell;aha;true;till;2025-01-03;cruelly how misjudge;2025-01-04
3;13797.72;Success;shrill rosemary terribly;RazorPay;provided until before;honorable versus mmm;suspiciously spanish;rotten;as upon fray;requirement menacing;true;hmph blacken;2025-01-04;anti polyester;2025-01-03
4;31791.91;Initiate;salty supposing;PayU;yuck to;off profuse;gah;or masquerade instead;commandeer assist in;outnumber;false;briefly;2025-01-03;ingratiate gadzooks amongst;2025-01-04
5;24093.63;PendingOnPg;meh wordy;PayU;exacerbate;ugh after;haircut excluding;snappy;zowie incidentally;whenever;false;remarkable;2025-01-04;nor;2025-01-03
6;24366.72;Initiate;failing provided;RazorPay;inside sesame;hoarse;rawhide;luck;patiently greedily;hmph;false;writhing rejigger;2025-01-03;boo yuck;2025-01-03
7;3054.33;Success;ick;RazorPay;wise bitterly proper;failing;chainstay sightseeing meatloaf;ruddy;around;yippee of;false;deliberately;2025-01-04;polarisation clueless out;2025-01-03
8;17386.79;PendingOnPg;fold until yuck;PayU;before psst;deform beside;appertain cauliflower;suffocate;fortunately but before;hence submissive;true;diversity famously;2025-01-03;who naturally unscramble;2025-01-04
9;24592.87;Initiate;outside within;PayTM;standard;zen now lay;how anenst unimportant;harangue gah;sophisticated;teriyaki;true;train blind furlough;2025-01-03;whenever than scoop;2025-01-03
10;22555;Failed;hydrocarbon;PayTM;than unless;cumbersome royal uh-huh;times unwritten among;hammock warmhearted;likewise;forecast yearly;true;by powerfully whether;2025-01-03;unto spellcheck;2025-01-03
