id;amount;transaction_id;transaction_screenshot_url;transaction_date;transaction_status;paid_by;payment_receipt_url;is_active;created_by;created_on;updated_by;updated_on
1;1943.99;jot queasily;sans cleverly;2025-01-04;Received;finally fiercely up;likely lest unique;true;eternity certainly;2025-01-03;gee;2025-01-04
2;25242.04;furiously restaurant;neighboring hoarse collaborate;2025-01-04;Received;sometimes excited bitter;aw excitedly earth;false;cheerfully;2025-01-04;airport;2025-01-03
3;27718.78;greatly;innocently;2025-01-03;Received;hamburger;regal reproachfully;false;equatorial;2025-01-04;grave;2025-01-03
4;31833.61;hmph;vary;2025-01-04;Initiated;where;bah yum making;false;blight utilization limply;2025-01-04;failing lest;2025-01-04
5;13575.62;quietly when till;although regarding;2025-01-04;Received;perfumed;frozen;false;knowledgeable;2025-01-04;contravene see against;2025-01-03
6;11733.77;multicolored as;wherever;2025-01-04;Initiated;gah;colour;false;hourly;2025-01-04;shaft begonia;2025-01-04
7;3918.24;inasmuch rundown;yowza;2025-01-04;Initiated;while collaborate but;cloudy;true;as softly;2025-01-03;limping;2025-01-04
8;16331.53;likewise;yahoo creak;2025-01-04;Initiated;statement numeracy unless;staid intrigue even;false;exactly label;2025-01-04;minus;2025-01-03
9;24482.7;eek;quickly brandish;2025-01-04;Received;uselessly ick;hearten abaft pace;false;yuck trench;2025-01-04;probable under conversation;2025-01-03
10;24959.54;excluding;inasmuch;2025-01-04;Received;postbox whenever;outside;true;maestro belabor dense;2025-01-03;beyond true championship;2025-01-04
